﻿id;limit_seq_nr;limitation_filing_date;limitation_filing_decision;date_dispatch_allowance;date_payment_allowance;date_dispatch_rejection;date_legal_effect_rejection
8718731;1;2014-09-02;"admissible";2015-10-12;2016-01-22;9999-12-31;9999-12-31
1105573;1;2010-08-16;"admissible";2010-12-03;2010-12-15;9999-12-31;9999-12-31
1403085;1;2008-02-18;"admissible";2009-03-06;2009-05-22;9999-12-31;9999-12-31
11796742;1;2015-12-07;"admissible";2015-12-23;2016-01-06;9999-12-31;9999-12-31
13828681;1;2017-08-31;"admissible";9999-12-31;9999-12-31;9999-12-31;9999-12-31
